model,f1_mean,f1_std,pr_auc_mean,pr_auc_std,fp_mean,fp_std
Logistic Regression (Baseline),0.11454476200828881,0.008244280938250597,0.6986403268103002,0.045594747992516595,1294.8,103.8949469416102
XGBoost Only (No IF Features),0.8225334810985586,0.018681673819555697,0.8261896334140838,0.030207809411246175,13.8,2.6381811916545836
Hybrid IsolationForest + XGBoost,0.8146956257679394,0.018214851172018154,0.8249051998735867,0.030807182794264778,15.6,3.7202150475476548
